YEAR,MO,DY,T2M,QV2M
2016,1,1,24.23,7.81
2016,1,2,24.73,7.39
2016,1,3,24.08,5.98
2016,1,4,23.12,6.35
2016,1,5,23.07,6.41
2016,1,6,23.4,6.35
2016,1,7,23.18,7.26
2016,1,8,23.41,6.47
2016,1,9,24.44,5.37
2016,1,10,23.87,5.37
2016,1,11,23.52,5.07
2016,1,12,23.17,5.07
2016,1,13,23.13,5.43
2016,1,14,23.44,7.63
2016,1,15,24.16,8.97
2016,1,16,24.61,8.18
2016,1,17,24.92,8.06
2016,1,18,24.8,8.79
2016,1,19,23.55,11.96
2016,1,20,23.42,9.34
2016,1,21,21.08,4.58
2016,1,22,20.23,2.93
2016,1,23,20.09,2.87
2016,1,24,20.94,3.23
2016,1,25,22.83,7.32
2016,1,26,24.79,10.19
2016,1,27,25.32,8.24
2016,1,28,24.33,3.54
2016,1,29,24.69,4.03
2016,1,30,25.15,5.07
2016,1,31,27.3,3.85
2016,2,1,27.04,4.39
2016,2,2,27.65,5.07
2016,2,3,26.21,4.94
2016,2,4,24.73,4.46
2016,2,5,25.05,6.84
2016,2,6,26.37,9.58
2016,2,7,27.5,11.11
2016,2,8,27.97,10.86
2016,2,9,27.85,8.67
2016,2,10,28.8,9.4
2016,2,11,28.7,9.22
2016,2,12,29.03,9.52
2016,2,13,29.43,9.52
2016,2,14,28.81,9.95
2016,2,15,27.85,9.46
2016,2,16,26.97,8.67
2016,2,17,26.87,7.2
2016,2,18,27.18,7.32
2016,2,19,27.51,5.98
2016,2,20,28.96,6.16
2016,2,21,30.44,6.1
2016,2,22,31.4,7.39
2016,2,23,31.43,8.97
2016,2,24,30.94,9.22
2016,2,25,30.12,10.86
2016,2,26,29.65,12.63
2016,2,27,28.77,10.68
2016,2,28,29.42,11.6
2016,2,29,28.7,13.06
2016,3,1,28.12,13.55
2016,3,2,28.74,12.7
2016,3,3,29.69,11.35
2016,3,4,29.3,10.56
2016,3,5,29.98,10.07
2016,3,6,30.76,9.4
2016,3,7,29.54,8.24
2016,3,8,29.62,7.57
2016,3,9,29.34,8.54
2016,3,10,30.97,8.85
2016,3,11,30.62,8.79
2016,3,12,31.1,9.03
2016,3,13,31.38,10.68
2016,3,14,31.36,12.82
2016,3,15,30.77,12.82
2016,3,16,31.17,12.51
2016,3,17,32.04,11.29
2016,3,18,32.7,10.56
2016,3,19,33.03,9.28
2016,3,20,32.76,7.02
2016,3,21,32.34,4.94
2016,3,22,31.51,3.11
2016,3,23,31.98,4.46
2016,3,24,32.23,8.67
2016,3,25,31.94,10.01
2016,3,26,32.55,10.62
2016,3,27,33.05,9.95
2016,3,28,31.26,11.47
2016,3,29,32.58,10.44
2016,3,30,33.54,11.29
2016,3,31,33.48,10.38
2016,4,1,33.37,8
2016,4,2,33.49,8.91
2016,4,3,34.48,10.19
2016,4,4,35.24,9.28
2016,4,5,34.48,9.58
2016,4,6,33.7,7.32
2016,4,7,33.78,7.87
2016,4,8,33.92,9.58
2016,4,9,33.61,9.77
2016,4,10,33.48,8.61
2016,4,11,34.87,8.61
2016,4,12,36.23,6.53
2016,4,13,35.5,8.97
2016,4,14,36.19,7.69
2016,4,15,36.44,11.6
2016,4,16,36.6,11.05
2016,4,17,36.98,12.02
2016,4,18,35.9,11.05
2016,4,19,34.95,10.38
2016,4,20,35.9,11.05
2016,4,21,37.05,8.91
2016,4,22,37.48,7.81
2016,4,23,36.15,6.47
2016,4,24,35.87,6.71
2016,4,25,36.6,8.24
2016,4,26,36.05,13.98
2016,4,27,36.06,10.86
2016,4,28,36.37,10.62
2016,4,29,35.5,9.03
2016,4,30,36.33,10.13
2016,5,1,36.78,10.62
2016,5,2,37.24,9.7
2016,5,3,37.07,10.74
2016,5,4,35.26,11.35
2016,5,5,32.42,13.31
2016,5,6,29.83,15.75
2016,5,7,31.87,15.01
2016,5,8,32.44,14.59
2016,5,9,32.61,14.4
2016,5,10,32.67,14.4
2016,5,11,33.98,13.37
2016,5,12,35.6,13.24
2016,5,13,36.24,13.37
2016,5,14,37.01,13.12
2016,5,15,35.77,13.61
2016,5,16,35.61,13.31
2016,5,17,34.17,14.71
2016,5,18,33.67,14.28
2016,5,19,34.21,12.82
2016,5,20,37.12,14.1
2016,5,21,37.31,11.72
2016,5,22,37.04,9.95
2016,5,23,36.94,10.8
2016,5,24,37.66,11.35
2016,5,25,37.04,9.95
2016,5,26,37.23,10.38
2016,5,27,37.94,10.8
2016,5,28,37.78,12.27
2016,5,29,37,12.08
2016,5,30,35.47,13.06
2016,5,31,36.9,12.63
2016,6,1,37.92,11.78
2016,6,2,36.23,13.92
2016,6,3,35.52,14.47
2016,6,4,32.58,16.54
2016,6,5,30.12,17.52
2016,6,6,30.58,17.7
2016,6,7,30.02,18.49
2016,6,8,28.91,18.55
2016,6,9,30.37,17.03
2016,6,10,31.94,16.48
2016,6,11,32.09,16.3
2016,6,12,31.69,16.17
2016,6,13,30.27,17.15
2016,6,14,32.19,16.17
2016,6,15,33.15,15.2
2016,6,16,32.11,16.17
2016,6,17,31.25,15.62
2016,6,18,27.22,17.15
2016,6,19,29.64,17.94
2016,6,20,30.1,17.76
2016,6,21,30.74,16.6
2016,6,22,30.29,16.72
2016,6,23,31.69,17.52
2016,6,24,28.61,18.01
2016,6,25,28.26,19.04
2016,6,26,27.73,17.82
2016,6,27,27.42,17.88
2016,6,28,26.29,18.86
2016,6,29,27.92,19.96
2016,6,30,27.74,19.59
2016,7,1,27.4,18.25
2016,7,2,28.12,19.1
2016,7,3,27.74,18.98
2016,7,4,28.33,18.62
2016,7,5,27.59,18.98
2016,7,6,28.26,18.43
2016,7,7,27.05,18.01
2016,7,8,26.69,17.52
2016,7,9,25.51,17.4
2016,7,10,25.58,18.07
2016,7,11,25.61,17.82
2016,7,12,27.18,18.62
2016,7,13,27.51,18.55
2016,7,14,28.36,18.74
2016,7,15,27.67,18.86
2016,7,16,27.75,18.49
2016,7,17,27.75,17.76
2016,7,18,26.88,18.31
2016,7,19,26.26,18.19
2016,7,20,26.76,18.37
2016,7,21,26.22,19.17
2016,7,22,25.81,18.8
2016,7,23,26.19,18.55
2016,7,24,26.58,18.49
2016,7,25,26.89,19.1
2016,7,26,26.69,19.17
2016,7,27,26.76,18.86
2016,7,28,27.26,18.98
2016,7,29,27.15,19.29
2016,7,30,26.58,19.29
2016,7,31,25.77,18.98
2016,8,1,26.37,19.1
2016,8,2,25.8,18.49
2016,8,3,25.73,18.49
2016,8,4,26.36,18.74
2016,8,5,26.98,18.86
2016,8,6,26.87,18.98
2016,8,7,26.69,18.43
2016,8,8,26.47,18.19
2016,8,9,26.73,18.43
2016,8,10,26.87,18.43
2016,8,11,27.25,18.62
2016,8,12,26.5,18.55
2016,8,13,27.27,18.92
2016,8,14,26.78,18.55
2016,8,15,26.54,17.76
2016,8,16,26.73,17.7
2016,8,17,25.64,17.58
2016,8,18,26.18,17.52
2016,8,19,26.72,17.15
2016,8,20,27.26,16.6
2016,8,21,27.38,17.27
2016,8,22,27.52,17.82
2016,8,23,27.43,17.94
2016,8,24,28.05,18.37
2016,8,25,27.43,19.17
2016,8,26,27.13,18.74
2016,8,27,26.5,18.43
2016,8,28,27.88,18.49
2016,8,29,28.57,19.41
2016,8,30,27.33,20.08
2016,8,31,26.65,19.47
2016,9,1,26.21,18.86
2016,9,2,25.55,18.43
2016,9,3,24.78,17.76
2016,9,4,25.52,17.88
2016,9,5,24.94,16.48
2016,9,6,24.73,15.62
2016,9,7,24.83,15.69
2016,9,8,25.51,16.6
2016,9,9,25.73,17.46
2016,9,10,25.55,18.62
2016,9,11,25.58,18.55
2016,9,12,24.69,18.25
2016,9,13,25.21,19.04
2016,9,14,25.37,19.47
2016,9,15,26.56,19.35
2016,9,16,26.74,19.41
2016,9,17,27.18,18.92
2016,9,18,26.52,18.01
2016,9,19,26.26,18.25
2016,9,20,26.32,18.8
2016,9,21,26.51,19.78
2016,9,22,26.65,19.71
2016,9,23,26.41,19.65
2016,9,24,26.3,19.9
2016,9,25,26.06,19.59
2016,9,26,26.15,19.59
2016,9,27,25.98,19.59
2016,9,28,26.3,18.74
2016,9,29,26.51,18.74
2016,9,30,24.92,18.55
2016,10,1,25.36,19.41
2016,10,2,26.05,18.62
2016,10,3,26,18.19
2016,10,4,26.23,17.7
2016,10,5,26.08,18.25
2016,10,6,25.7,18.19
2016,10,7,25.19,18.31
2016,10,8,25.02,18.74
2016,10,9,24.84,18.49
2016,10,10,25.72,18.07
2016,10,11,25.87,18.13
2016,10,12,25.32,16.91
2016,10,13,23.98,14.59
2016,10,14,23,12.21
2016,10,15,23.24,12.7
2016,10,16,23.51,13.18
2016,10,17,23.15,12.82
2016,10,18,22.3,12.51
2016,10,19,23.1,12.51
2016,10,20,23.44,12.27
2016,10,21,22.65,12.08
2016,10,22,22.24,12.08
2016,10,23,22.76,11.9
2016,10,24,22.55,13.12
2016,10,25,22.44,13.18
2016,10,26,22.13,13.24
2016,10,27,21.35,12.45
2016,10,28,21.23,12.76
2016,10,29,22.7,15.38
2016,10,30,24.12,16.3
2016,10,31,23.3,14.77
2016,11,1,22.5,13.85
2016,11,2,22.43,13.85
2016,11,3,22.76,14.34
2016,11,4,23.41,15.26
2016,11,5,23.7,15.2
2016,11,6,23.04,14.34
2016,11,7,21.07,10.07
2016,11,8,21.31,9.7
2016,11,9,20.47,9.52
2016,11,10,19.85,9.03
2016,11,11,19.48,9.03
2016,11,12,19.3,9.89
2016,11,13,20.79,10.93
2016,11,14,21.91,12.57
2016,11,15,22.21,13.49
2016,11,16,22.39,13.92
2016,11,17,21.14,12.02
2016,11,18,19.5,9.77
2016,11,19,19.1,9.58
2016,11,20,20.52,9.52
2016,11,21,20.44,9.34
2016,11,22,20.26,9.64
2016,11,23,20.37,8.85
2016,11,24,20.18,8.73
2016,11,25,19.56,9.22
2016,11,26,20.37,8.61
2016,11,27,20.44,8.24
2016,11,28,20.73,8.48
2016,11,29,20.63,8.97
2016,11,30,20.81,9.52
2016,12,1,21,10.25
2016,12,2,21.03,11.17
2016,12,3,22.58,13.18
2016,12,4,22.8,12.51
2016,12,5,21.6,10.68
2016,12,6,20.88,9.89
2016,12,7,20.15,9.46
2016,12,8,18.99,8.24
2016,12,9,18.44,7.14
2016,12,10,18.76,8.3
2016,12,11,19.17,8.24
2016,12,12,20.62,8.54
2016,12,13,22.23,10.62
2016,12,14,22.67,12.02
2016,12,15,22.41,10.5
2016,12,16,21.72,9.28
2016,12,17,20.51,7.51
2016,12,18,19.86,6.9
2016,12,19,19.29,6.9
2016,12,20,19.25,6.29
2016,12,21,19.31,6.16
2016,12,22,19.68,5.62
2016,12,23,18.9,5.25
2016,12,24,21.01,5.49
2016,12,25,21.4,7.26
2016,12,26,21.06,6.71
2016,12,27,19.11,5.55
2016,12,28,19.55,6.96
2016,12,29,20.76,6.41
2016,12,30,22.2,6.41
2016,12,31,22.34,7.69
2017,1,1,22,8.48
2017,1,2,22.44,8.36
2017,1,3,20.56,6.65
2017,1,4,19.63,6.53
2017,1,5,20.11,6.35
2017,1,6,21.05,6.23
2017,1,7,21.41,7.93
2017,1,8,21.98,8.97
2017,1,9,22.76,9.58
2017,1,10,22.51,7.75
2017,1,11,20.33,6.29
2017,1,12,18.91,5.62
2017,1,13,19.47,5.07
2017,1,14,20.03,6.1
2017,1,15,20.82,6.04
2017,1,16,21.39,5.13
2017,1,17,22.14,5.92
2017,1,18,22.51,6.77
2017,1,19,22.42,7.81
2017,1,20,22.71,6.59
2017,1,21,23.61,6.23
2017,1,22,24.7,7.26
2017,1,23,24.33,7.26
2017,1,24,23.26,6.47
2017,1,25,23.46,7.02
2017,1,26,24.23,7.32
2017,1,27,25.31,8.91
2017,1,28,23.9,7.2
2017,1,29,22.98,5.55
2017,1,30,24.34,4.33
2017,1,31,24.91,4.76
2017,2,1,25.09,5.86
2017,2,2,24.68,7.57
2017,2,3,24.26,7.75
2017,2,4,24.96,5.25
2017,2,5,24.75,6.77
2017,2,6,25.3,5.74
2017,2,7,24.46,5.07
2017,2,8,25.4,5.43
2017,2,9,26.26,4.94
2017,2,10,26.01,6.1
2017,2,11,25.32,7.45
2017,2,12,24.83,8.61
2017,2,13,25.36,9.22
2017,2,14,25.8,8.12
2017,2,15,25.84,7.08
2017,2,16,26.19,6.1
2017,2,17,25.97,5.19
2017,2,18,26.73,5.49
2017,2,19,27.22,4.82
2017,2,20,29.23,3.85
2017,2,21,29.23,3.72
2017,2,22,28.69,4.27
2017,2,23,29.27,4.03
2017,2,24,27.3,3.6
2017,2,25,25.83,2.62
2017,2,26,26.99,2.32
2017,2,27,27.77,4.21
2017,2,28,27.62,3.91
2017,3,1,27.73,5.13
2017,3,2,27.8,6.29
2017,3,3,28.11,5.37
2017,3,4,27.74,6.04
2017,3,5,29.78,10.13
2017,3,6,30.66,9.46
2017,3,7,31.24,9.64
2017,3,8,30.14,9.16
2017,3,9,29.68,7.63
2017,3,10,29.57,8.85
2017,3,11,27.85,5.13
2017,3,12,26.52,3.85
2017,3,13,26.58,3.36
2017,3,14,27.94,7.39
2017,3,15,29.15,9.16
2017,3,16,27.67,13.06
2017,3,17,28.68,12.15
2017,3,18,28.26,7.75
2017,3,19,28.8,8.42
2017,3,20,27.73,8.73
2017,3,21,28.06,6.71
2017,3,22,29.49,5.86
2017,3,23,30.41,6.77
2017,3,24,31.61,8
2017,3,25,32.47,8.12
2017,3,26,32.18,8.61
2017,3,27,32.35,9.03
2017,3,28,32.77,7.93
2017,3,29,32.82,8.18
2017,3,30,33.37,8.73
2017,3,31,33.88,8.48
2017,4,1,34.4,8.18
2017,4,2,34.92,8.67
2017,4,3,34.46,8.85
2017,4,4,34.31,10.5
2017,4,5,34.53,11.54
2017,4,6,35.51,10.01
2017,4,7,35.3,10.8
2017,4,8,35.33,7.26
2017,4,9,34.5,4.88
2017,4,10,33.2,3.66
2017,4,11,32.17,2.38
2017,4,12,33.33,2.75
2017,4,13,33.39,3.97
2017,4,14,33.31,7.93
2017,4,15,33.94,8.24
2017,4,16,35.03,5.92
2017,4,17,35.12,4.33
2017,4,18,35.72,6.47
2017,4,19,35.21,7.39
2017,4,20,35.58,6.77
2017,4,21,35.63,6.84
2017,4,22,35.43,5.8
2017,4,23,34.76,5.49
2017,4,24,34.18,5.07
2017,4,25,34.44,5.49
2017,4,26,35.49,5.19
2017,4,27,36.25,5.74
2017,4,28,35.25,7.45
2017,4,29,35.62,5.74
2017,4,30,35.25,7.93
2017,5,1,34.92,8.79
2017,5,2,34.49,10.74
2017,5,3,34.6,10.99
2017,5,4,35.68,10.01
2017,5,5,37.08,8.91
2017,5,6,37.06,10.62
2017,5,7,35.43,12.21
2017,5,8,35.12,11.72
2017,5,9,34.44,12.57
2017,5,10,32.16,14.95
2017,5,11,32.58,13.55
2017,5,12,34.01,12.63
2017,5,13,35.81,12.45
2017,5,14,36.48,12.51
2017,5,15,37.4,12.51
2017,5,16,38.73,10.8
2017,5,17,37.49,9.64
2017,5,18,37.48,8.48
2017,5,19,38.01,7.81
2017,5,20,38.02,8.12
2017,5,21,37.91,7.93
2017,5,22,37.74,9.95
2017,5,23,37.89,10.25
2017,5,24,37.56,10.5
2017,5,25,37.37,12.51
2017,5,26,35.86,14.89
2017,5,27,35.19,15.14
2017,5,28,35.14,15.5
2017,5,29,34.67,15.75
2017,5,30,35.64,13.98
2017,5,31,36.3,13.67
2017,6,1,36.1,14.28
2017,6,2,36.56,13.61
2017,6,3,35.87,14.59
2017,6,4,35.19,14.95
2017,6,5,35.26,15.69
2017,6,6,31.24,17.64
2017,6,7,29.86,18.74
2017,6,8,27.52,18.37
2017,6,9,28.36,17.88
2017,6,10,28.16,18.37
2017,6,11,28.12,18.25
2017,6,12,28.01,18.62
2017,6,13,27.44,19.17
2017,6,14,28.03,19.59
2017,6,15,28.17,18.92
2017,6,16,27.58,18.55
2017,6,17,28.76,17.58
2017,6,18,29.25,18.55
2017,6,19,28.33,18.55
2017,6,20,29,18.19
2017,6,21,29.15,17.88
2017,6,22,29.94,17.94
2017,6,23,28.95,18.8
2017,6,24,27.99,18.68
2017,6,25,28.05,18.31
2017,6,26,27.3,18.49
2017,6,27,27,17.58
2017,6,28,27.82,17.64
2017,6,29,28.62,17.46
2017,6,30,28.24,18.31
2017,7,1,28.52,17.94
2017,7,2,28.86,17.82
2017,7,3,28.8,17.58
2017,7,4,28.62,17.46
2017,7,5,28.34,17.21
2017,7,6,27.8,17.15
2017,7,7,28.55,18.07
2017,7,8,28.45,17.33
2017,7,9,28.9,17.33
2017,7,10,27.96,18.31
2017,7,11,27.67,17.88
2017,7,12,28.3,17.21
2017,7,13,27.23,17.82
2017,7,14,26.32,18.07
2017,7,15,27.3,17.88
2017,7,16,26.13,17.7
2017,7,17,25.55,17.76
2017,7,18,25.72,19.04
2017,7,19,27.19,17.94
2017,7,20,26.83,19.17
2017,7,21,28.15,19.17
2017,7,22,28.27,18.62
2017,7,23,27.98,18.43
2017,7,24,27.39,18.07
2017,7,25,27.79,18.25
2017,7,26,27.86,17.88
2017,7,27,27.22,17.82
2017,7,28,28.12,18.55
2017,7,29,28.24,18.55
2017,7,30,28.44,18.55
2017,7,31,28.44,18.62
2017,8,1,28.43,18.98
2017,8,2,26.64,18.62
2017,8,3,27.4,18.25
2017,8,4,27.1,17.82
2017,8,5,26.38,18.31
2017,8,6,27.12,18.25
2017,8,7,27.81,18.31
2017,8,8,27.35,18.68
2017,8,9,26.83,18.43
2017,8,10,27.37,18.43
2017,8,11,27.37,18.86
2017,8,12,26.17,18.31
2017,8,13,26.65,18.19
2017,8,14,25.5,17.58
2017,8,15,27.36,17.46
2017,8,16,26.54,18.31
2017,8,17,26.62,18.13
2017,8,18,26.06,17.88
2017,8,19,26.26,19.53
2017,8,20,25.96,18.25
2017,8,21,25.76,16.85
2017,8,22,27.22,15.93
2017,8,23,27.34,18.19
2017,8,24,26.36,18.55
2017,8,25,26.27,19.1
2017,8,26,26.59,19.23
2017,8,27,27.05,20.02
2017,8,28,25.87,19.53
2017,8,29,25.94,18.07
2017,8,30,27.04,17.58
2017,8,31,27.65,18.55
2017,9,1,27.4,18.49
2017,9,2,27.61,17.82
2017,9,3,27.77,18.68
2017,9,4,27.84,19.1
2017,9,5,27.44,19.78
2017,9,6,27.12,19.59
2017,9,7,27.03,18.74
2017,9,8,27.57,19.29
2017,9,9,27.16,19.35
2017,9,10,27.48,19.41
2017,9,11,27.81,19.78
2017,9,12,27.39,19.41
2017,9,13,27.04,19.17
2017,9,14,27.08,19.17
2017,9,15,26.65,18.86
2017,9,16,27.16,18.86
2017,9,17,26.53,19.1
2017,9,18,25.96,18.43
2017,9,19,26.7,18.19
2017,9,20,27.11,18.43
2017,9,21,26.45,18.62
2017,9,22,26.46,18.19
2017,9,23,27.15,17.58
2017,9,24,27.21,17.58
2017,9,25,26.89,18.31
2017,9,26,26.6,18.8
2017,9,27,26.88,18.8
2017,9,28,26.74,19.23
2017,9,29,26.39,18.98
2017,9,30,26.54,17.88
2017,10,1,27.19,18.07
2017,10,2,26.97,18.74
2017,10,3,26.3,19.04
2017,10,4,26.83,18.62
2017,10,5,26.23,18.8
2017,10,6,26.57,19.17
2017,10,7,26.58,19.35
2017,10,8,25.58,19.29
2017,10,9,25.86,19.53
2017,10,10,25.67,18.98
2017,10,11,26.75,18.25
2017,10,12,26.88,18.37
2017,10,13,26.9,18.92
2017,10,14,26.84,19.35
2017,10,15,26.65,19.47
2017,10,16,26.33,18.01
2017,10,17,25.63,15.93
2017,10,18,24.3,14.83
2017,10,19,24.3,14.89
2017,10,20,25.17,16.72
2017,10,21,26.28,17.15
2017,10,22,26.23,18.25
2017,10,23,26.6,17.76
2017,10,24,25.64,13.24
2017,10,25,24.77,12.27
2017,10,26,25.1,12.63
2017,10,27,24.91,13.67
2017,10,28,24.59,12.27
2017,10,29,23.86,13.31
2017,10,30,23.55,12.57
2017,10,31,23.25,11.72
2017,11,1,22.65,11.78
2017,11,2,21.64,11.72
2017,11,3,21.68,11.72
2017,11,4,21.88,11.66
2017,11,5,23.58,13.98
2017,11,6,22.92,11.96
2017,11,7,23.19,12.45
2017,11,8,23.19,11.84
2017,11,9,22.83,10.93
2017,11,10,21.82,10.68
2017,11,11,20.98,10.25
2017,11,12,21.43,10.19
2017,11,13,22.81,12.57
2017,11,14,24.76,15.14
2017,11,15,25.72,15.01
2017,11,16,25.19,14.47
2017,11,17,25.02,14.4
2017,11,18,25.54,14.22
2017,11,19,25.4,14.59
2017,11,20,25.9,14.53
2017,11,21,25.68,15.08
2017,11,22,25.79,15.81
2017,11,23,25.22,14.53
2017,11,24,23.87,12.76
2017,11,25,21.72,10.07
2017,11,26,21.68,9.09
2017,11,27,21.45,8.3
2017,11,28,21.15,8.3
2017,11,29,20.3,8.79
2017,11,30,21.09,9.03
2017,12,1,20.69,9.09
2017,12,2,20.37,9.64
2017,12,3,20.23,9.09
2017,12,4,19.67,8.97
2017,12,5,20.19,9.7
2017,12,6,21.26,9.83
2017,12,7,22.08,9.03
2017,12,8,21.45,8.54
2017,12,9,22.14,9.28
2017,12,10,21.14,7.51
2017,12,11,21.4,7.63
2017,12,12,22.91,7.45
2017,12,13,23.12,9.16
2017,12,14,22.46,9.22
2017,12,15,21.93,8.48
2017,12,16,21.8,8.06
2017,12,17,21.83,9.03
2017,12,18,21.43,8.61
2017,12,19,20.5,6.16
2017,12,20,20.6,5.98
2017,12,21,20.51,6.77
2017,12,22,20.65,7.2
2017,12,23,21.16,7.51
2017,12,24,21.69,8
2017,12,25,22.14,7.45
2017,12,26,20.24,6.04
2017,12,27,19.86,4.88
2017,12,28,20.48,5.19
2017,12,29,21.06,6.16
2017,12,30,21.37,7.14
2017,12,31,22.2,6.59
2018,1,1,22.27,6.23
2018,1,2,20.79,7.32
2018,1,3,20.58,6.41
2018,1,4,20.19,5.31
2018,1,5,20.37,5.19
2018,1,6,20.12,5.49
2018,1,7,20.82,5.62
2018,1,8,20.24,6.29
2018,1,9,20.08,5.37
2018,1,10,21.33,5.31
2018,1,11,22.26,5.62
2018,1,12,23.4,5.19
2018,1,13,23.89,5.55
2018,1,14,23.51,6.96
2018,1,15,23.44,7.51
2018,1,16,23.51,6.41
2018,1,17,22.65,5.62
2018,1,18,22.08,4.82
2018,1,19,21.7,3.97
2018,1,20,21.87,3.85
2018,1,21,22.98,4.15
2018,1,22,21.61,6.23
2018,1,23,22.44,7.81
2018,1,24,22.98,6.16
2018,1,25,21.48,3.42
2018,1,26,21.21,2.32
2018,1,27,21.51,2.5
2018,1,28,21.34,3.54
2018,1,29,21.69,4.09
2018,1,30,22.48,3.6
2018,1,31,23.55,3.05
2018,2,1,24.2,2.81
2018,2,2,24.63,2.99
2018,2,3,24.1,4.46
2018,2,4,24.01,6.16
2018,2,5,24.77,6.47
2018,2,6,25.18,6.71
2018,2,7,24.28,6.84
2018,2,8,26.33,6.04
2018,2,9,25.95,5.74
2018,2,10,25.82,5.74
2018,2,11,26.38,9.4
2018,2,12,25.74,10.13
2018,2,13,25.92,9.7
2018,2,14,25.05,9.7
2018,2,15,24.56,8
2018,2,16,23.73,4.88
2018,2,17,24.37,4.7
2018,2,18,25.34,5.13
2018,2,19,26.25,6.53
2018,2,20,26.81,8.73
2018,2,21,27.24,7.87
2018,2,22,27.29,6.77
2018,2,23,27.51,7.51
2018,2,24,27.3,7.32
2018,2,25,27.7,6.71
2018,2,26,28.53,5.49
2018,2,27,28.87,6.1
2018,2,28,28.33,4.09
2018,3,1,28.62,4.09
2018,3,2,30.33,5
2018,3,3,30.5,5.43
2018,3,4,30.36,5.37
2018,3,5,29.62,5.62
2018,3,6,29.82,5.49
2018,3,7,29.84,6.23
2018,3,8,29.62,6.65
2018,3,9,29.42,7.02
2018,3,10,30.2,7.87
2018,3,11,30.22,8.06
2018,3,12,30.1,7.45
2018,3,13,30.44,7.26
2018,3,14,31.04,6.04
2018,3,15,31.43,7.87
2018,3,16,28.18,9.28
2018,3,17,28.05,10.25
2018,3,18,29.58,8.61
2018,3,19,30.05,8
2018,3,20,30.99,8.24
2018,3,21,32.17,8.36
2018,3,22,31.69,6.53
2018,3,23,30.77,4.82
2018,3,24,30.82,4.76
2018,3,25,30.88,5.19
2018,3,26,31.62,4.94
2018,3,27,32.51,4.7
2018,3,28,33.45,5.62
2018,3,29,32.98,5.07
2018,3,30,32.95,7.14
2018,3,31,33.73,11.96
2018,4,1,32.86,11.6
2018,4,2,31.92,11.17
2018,4,3,31.48,11.47
2018,4,4,32.9,10.56
2018,4,5,33.16,11.41
2018,4,6,32.44,11.41
2018,4,7,32.41,10.8
2018,4,8,29.92,12.82
2018,4,9,30.52,11.96
2018,4,10,31.33,12.02
2018,4,11,31.61,11.72
2018,4,12,32.34,10.56
2018,4,13,33.18,10.56
2018,4,14,33.7,11.47
2018,4,15,32.61,12.45
2018,4,16,34.74,10.56
2018,4,17,35.81,10.86
2018,4,18,36.83,9.89
2018,4,19,36.29,6.96
2018,4,20,36.1,7.51
2018,4,21,35.54,8.54
2018,4,22,35.55,10.62
2018,4,23,36.12,10.13
2018,4,24,35.52,7.2
2018,4,25,34.25,11.11
2018,4,26,35.05,9.95
2018,4,27,35.71,9.58
2018,4,28,35.08,11.23
2018,4,29,36.57,9.22
2018,4,30,36.96,8.85
2018,5,1,36.64,10.99
2018,5,2,36.24,13.31
2018,5,3,34.59,14.34
2018,5,4,33.19,13.98
2018,5,5,34.51,13.49
2018,5,6,35.64,12.57
2018,5,7,35.62,11.96
2018,5,8,36.21,12.57
2018,5,9,36.26,13
2018,5,10,35.71,12.63
2018,5,11,35.96,12.7
2018,5,12,36.15,12.82
2018,5,13,34.47,13.37
2018,5,14,35.01,12.76
2018,5,15,34.54,12.45
2018,5,16,35.19,10.68
2018,5,17,35.81,11.54
2018,5,18,36.29,12.27
2018,5,19,37.19,10.44
2018,5,20,36.37,12.82
2018,5,21,34.28,13.67
2018,5,22,33.12,14.71
2018,5,23,35.15,14.1
2018,5,24,34.33,13.67
2018,5,25,36.11,11.47
2018,5,26,35.82,13.55
2018,5,27,34.27,15.81
2018,5,28,36.04,13.67
2018,5,29,36.51,13.79
2018,5,30,38.08,13
2018,5,31,33.53,15.14
2018,6,1,33.73,16.36
2018,6,2,29.48,16.36
2018,6,3,33.05,15.26
2018,6,4,34.08,15.14
2018,6,5,32.98,14.95
2018,6,6,31.23,17.52
2018,6,7,29.59,18.86
2018,6,8,29.52,18.68
2018,6,9,27.4,18.31
2018,6,10,28.94,17.94
2018,6,11,27.87,19.29
2018,6,12,29.09,18.8
2018,6,13,30.8,17.33
2018,6,14,31.94,16.72
2018,6,15,32.02,16.17
2018,6,16,32.06,14.53
2018,6,17,31.31,14.53
2018,6,18,30.79,15.32
2018,6,19,30.16,17.33
2018,6,20,29.87,17.09
2018,6,21,29.9,18.19
2018,6,22,29.34,18.19
2018,6,23,28.83,18.92
2018,6,24,27.38,17.82
2018,6,25,29.26,16.36
2018,6,26,28.93,16.42
2018,6,27,27.49,18.19
2018,6,28,26.85,17.88
2018,6,29,28.52,16.97
2018,6,30,28.76,16.36
2018,7,1,28.88,16.6
2018,7,2,29.62,16.48
2018,7,3,29,16.54
2018,7,4,28.28,16.78
2018,7,5,27.88,18.01
2018,7,6,26.62,18.13
2018,7,7,24.9,16.66
2018,7,8,26.14,18.98
2018,7,9,26.11,18.8
2018,7,10,26.34,17.82
2018,7,11,26.98,17.58
2018,7,12,26.37,18.07
2018,7,13,26.73,18.43
2018,7,14,26.66,18.43
2018,7,15,26.44,18.98
2018,7,16,26.28,18.8
2018,7,17,27.1,18.55
2018,7,18,27.5,18.49
2018,7,19,27.13,18.68
2018,7,20,25.98,18.43
2018,7,21,25.9,18.31
2018,7,22,26.19,18.25
2018,7,23,27.15,17.82
2018,7,24,27.51,17.88
2018,7,25,27.37,18.31
2018,7,26,26.66,17.76
2018,7,27,27.14,17.94
2018,7,28,27.73,18.07
2018,7,29,27.29,18.49
2018,7,30,27.66,18.31
2018,7,31,27.68,17.94
2018,8,1,27.9,18.19
2018,8,2,27.68,18.19
2018,8,3,27.57,18.37
2018,8,4,27.76,18.07
2018,8,5,27.62,17.64
2018,8,6,27.12,17.76
2018,8,7,26.16,17.82
2018,8,8,26.04,17.58
2018,8,9,27.27,18.01
2018,8,10,27.81,18.43
2018,8,11,26.44,18.86
2018,8,12,25.87,18.37
2018,8,13,26.47,18.19
2018,8,14,26.01,18.31
2018,8,15,25.29,18.86
2018,8,16,26.47,19.78
2018,8,17,25.43,17.94
2018,8,18,25.55,18.01
2018,8,19,26.05,18.92
2018,8,20,24.36,18.07
2018,8,21,25.61,18.13
2018,8,22,26.19,18.25
2018,8,23,26.74,18.86
2018,8,24,26.49,18.86
2018,8,25,26.51,18.55
2018,8,26,25.69,18.07
2018,8,27,24.62,17.94
2018,8,28,24.72,17.7
2018,8,29,25.87,17.94
2018,8,30,26.26,18.01
2018,8,31,26.13,18.19
2018,9,1,25.65,17.94
2018,9,2,25.48,17.76
2018,9,3,26.1,17.88
2018,9,4,25.81,17.46
2018,9,5,25.21,17.21
2018,9,6,25.23,17.09
2018,9,7,24.72,16.54
2018,9,8,25.43,16.48
2018,9,9,25.95,15.69
2018,9,10,26.68,16.97
2018,9,11,26.43,17.94
2018,9,12,26.55,17.82
2018,9,13,26.52,17.64
2018,9,14,26.85,17.27
2018,9,15,26.56,17.33
2018,9,16,26.1,17.94
2018,9,17,25.98,18.19
2018,9,18,26.08,17.88
2018,9,19,26.28,18.07
2018,9,20,26.4,18.49
2018,9,21,24.1,17.52
2018,9,22,25.23,16.78
2018,9,23,26,17.58
2018,9,24,26.37,17.7
2018,9,25,27.04,18.13
2018,9,26,26.62,17.94
2018,9,27,26.69,17.64
2018,9,28,26.69,17.58
2018,9,29,26.49,17.94
2018,9,30,26.56,17.88
2018,10,1,26.82,17.7
2018,10,2,26.94,18.07
2018,10,3,26.94,18.13
2018,10,4,26.54,17.4
2018,10,5,26.9,16.36
2018,10,6,26.65,15.56
2018,10,7,26.28,15.62
2018,10,8,25.79,14.71
2018,10,9,25.58,14.71
2018,10,10,25.38,13.67
2018,10,11,25.19,13.31
2018,10,12,26.1,15.62
2018,10,13,26.67,16.3
2018,10,14,26.33,15.2
2018,10,15,25.79,13.31
2018,10,16,26.14,14.59
2018,10,17,25.87,14.89
2018,10,18,25.62,13.61
2018,10,19,25.74,13.06
2018,10,20,26.81,12.7
2018,10,21,27.1,13.37
2018,10,22,27.71,13.43
2018,10,23,27.62,13.24
2018,10,24,26.36,12.39
2018,10,25,24.85,10.62
2018,10,26,24.55,10.13
2018,10,27,25.11,10.62
2018,10,28,24.44,10.25
2018,10,29,23.69,9.95
2018,10,30,24.24,11.54
2018,10,31,25.36,12.88
2018,11,1,26.37,14.47
2018,11,2,26.79,14.95
2018,11,3,27.3,14.89
2018,11,4,27.58,14.53
2018,11,5,27.33,13.61
2018,11,6,27.48,13.12
2018,11,7,28.09,13.43
2018,11,8,27.59,13.12
2018,11,9,26.58,10.62
2018,11,10,25.53,9.03
2018,11,11,23.98,7.87
2018,11,12,23.3,8.18
2018,11,13,23.98,8.3
2018,11,14,24.22,8.36
2018,11,15,24.63,7.93
2018,11,16,26.23,9.03
2018,11,17,27.59,13.12
2018,11,18,28.12,13.73
2018,11,19,27.72,13.31
2018,11,20,27.08,12.15
2018,11,21,26.24,10.56
2018,11,22,25.76,10.01
2018,11,23,24.81,9.4
2018,11,24,24.49,8
2018,11,25,23.66,7.02
2018,11,26,23.36,6.59
2018,11,27,23.12,7.2
2018,11,28,22.93,8.24
2018,11,29,23.51,8.36
2018,11,30,23.47,8
2018,12,1,23.4,8.61
2018,12,2,23.95,9.64
2018,12,3,23.92,9.83
2018,12,4,25.08,9.64
2018,12,5,25.12,9.28
2018,12,6,25.44,9.58
2018,12,7,26.2,12.08
2018,12,8,26.49,12.21
2018,12,9,26.19,11.84
2018,12,10,27.09,12.02
2018,12,11,25.88,11.17
2018,12,12,25.73,10.25
2018,12,13,24.07,12.33
2018,12,14,21.19,11.78
2018,12,15,21.76,8.85
2018,12,16,18.94,8.97
2018,12,17,17.34,10.62
2018,12,18,19.23,9.95
2018,12,19,19.49,9.4
2018,12,20,20.13,9.52
2018,12,21,20.17,7.87
2018,12,22,19.64,7.14
2018,12,23,19.99,7.26
2018,12,24,19.92,6.1
2018,12,25,21.43,6.77
2018,12,26,23.33,8.73
2018,12,27,21.73,5.86
2018,12,28,17.97,4.39
2018,12,29,17,4.27
2018,12,30,17.19,4.27
2018,12,31,17.65,3.6
2019,1,1,19.65,3.78
2019,1,2,21.46,4.15
2019,1,3,20.91,4.46
2019,1,4,21.04,4.58
2019,1,5,21.34,6.84
2019,1,6,21.4,8.24
2019,1,7,21.9,7.63
2019,1,8,19.52,4.15
2019,1,9,19.59,3.3
2019,1,10,19.8,4.33
2019,1,11,21.06,7.32
2019,1,12,22.37,8.91
2019,1,13,23,9.16
2019,1,14,22.58,8.12
2019,1,15,21.24,6.59
2019,1,16,20.85,4.82
2019,1,17,21.73,4.33
2019,1,18,22.19,4.82
2019,1,19,21.97,4.39
2019,1,20,22.8,4.27
2019,1,21,22.82,6.04
2019,1,22,23.61,8.18
2019,1,23,23.8,8.85
2019,1,24,25.29,10.01
2019,1,25,25.33,11.47
2019,1,26,23.15,12.94
2019,1,27,21.11,11.84
2019,1,28,19.3,9.28
2019,1,29,16.65,4.52
2019,1,30,16.8,4.27
2019,1,31,19.55,7.39
2019,2,1,21.93,10.01
2019,2,2,22.01,8.85
2019,2,3,21.74,7.81
2019,2,4,22.52,8.3
2019,2,5,23.44,7.39
2019,2,6,24.15,6.9
2019,2,7,25.25,10.13
2019,2,8,25.58,9.52
2019,2,9,22.15,4.39
2019,2,10,20.33,3.23
2019,2,11,22.54,4.88
2019,2,12,24.13,8.24
2019,2,13,24.91,7.51
2019,2,14,25.33,7.45
2019,2,15,27.15,9.64
2019,2,16,27.86,10.8
2019,2,17,26.65,10.25
2019,2,18,24.9,5.13
2019,2,19,27.23,5.31
2019,2,20,28.35,11.11
2019,2,21,29.01,10.31
2019,2,22,30.23,8.18
2019,2,23,30.71,8.06
2019,2,24,30.75,6.84
2019,2,25,29.03,5.49
2019,2,26,28.33,6.47
2019,2,27,28.25,9.89
2019,2,28,27.24,6.65
2019,3,1,26.65,5.92
2019,3,2,28.64,12.08
2019,3,3,30.26,12.27
2019,3,4,30.5,9.46
2019,3,5,29.01,6.71
2019,3,6,27.43,4.58
2019,3,7,26.9,4.94
2019,3,8,27.6,4.7
2019,3,9,29.46,6.23
2019,3,10,30.1,7.69
2019,3,11,31.56,10.68
2019,3,12,31.81,9.7
2019,3,13,31.9,8.48
2019,3,14,31.51,6.35
2019,3,15,31.86,6.47
2019,3,16,31.23,7.2
2019,3,17,30.94,9.28
2019,3,18,30.48,7.57
2019,3,19,30.23,9.7
2019,3,20,30.72,11.84
2019,3,21,31.44,10.99
2019,3,22,31.35,9.46
2019,3,23,32.46,9.77
2019,3,24,32.41,7.63
2019,3,25,32.37,7.81
2019,3,26,32.94,9.28
2019,3,27,32.98,9.22
2019,3,28,32.71,6.71
2019,3,29,32.7,4.82
2019,3,30,33.14,7.45
2019,3,31,34.98,7.81
2019,4,1,34.94,6.04
2019,4,2,34.1,7.45
2019,4,3,33.75,10.01
2019,4,4,33.73,10.19
2019,4,5,34.77,9.95
2019,4,6,35.82,8.18
2019,4,7,34.58,7.57
2019,4,8,34.3,9.34
2019,4,9,34.89,10.38
2019,4,10,34.76,8.73
2019,4,11,34.87,8.61
2019,4,12,35.48,9.28
2019,4,13,33.08,11.05
2019,4,14,33.41,10.38
2019,4,15,34.02,8.54
2019,4,16,33.6,7.45
2019,4,17,33.12,8.73
2019,4,18,34.27,11.9
2019,4,19,31.85,15.14
2019,4,20,32.73,14.4
2019,4,21,33.61,12.57
2019,4,22,33.13,12.88
2019,4,23,34.02,9.22
2019,4,24,34.23,10.25
2019,4,25,35.21,9.16
2019,4,26,35.98,9.58
2019,4,27,36.35,10.31
2019,4,28,36.43,10.74
2019,4,29,36.51,10.56
2019,4,30,36.26,10.93
2019,5,1,36.14,10.99
2019,5,2,36.55,9.52
2019,5,3,35.91,8.42
2019,5,4,35.64,6.41
2019,5,5,36.04,5.98
2019,5,6,36.26,5.98
2019,5,7,36.87,7.26
2019,5,8,37.22,6.29
2019,5,9,37.05,6.04
2019,5,10,37.3,7.14
2019,5,11,36.82,13.31
2019,5,12,35.55,11.23
2019,5,13,36.73,11.41
2019,5,14,36.46,12.39
2019,5,15,36.85,11.6
2019,5,16,37,10.93
2019,5,17,37.06,8.85
2019,5,18,37.28,7.81
2019,5,19,37.58,7.32
2019,5,20,37.2,10.19
2019,5,21,37.37,11.35
2019,5,22,37.38,12.21
2019,5,23,37.58,12.88
2019,5,24,37.87,12.63
2019,5,25,37.28,12.15
2019,5,26,38.75,10.56
2019,5,27,39.62,10.74
2019,5,28,39.09,10.19
2019,5,29,37.73,13.24
2019,5,30,36.8,14.34
2019,5,31,36.27,14.71
2019,6,1,36.08,14.77
2019,6,2,37.27,13.18
2019,6,3,37.38,14.28
2019,6,4,37.14,14.4
2019,6,5,37.3,13.18
2019,6,6,36.22,13.31
2019,6,7,36.03,13.31
2019,6,8,35.19,13.92
2019,6,9,36.54,14.65
2019,6,10,36.12,14.65
2019,6,11,36.5,14.04
2019,6,12,35.59,14.65
2019,6,13,33.7,14.1
2019,6,14,34.83,12.08
2019,6,15,35.88,11.23
2019,6,16,34.32,13.18
2019,6,17,31.37,14.4
2019,6,18,34.83,13.24
2019,6,19,36.11,14.04
2019,6,20,33.12,17.21
2019,6,21,29.05,18.31
2019,6,22,29.16,18.43
2019,6,23,29.24,17.94
2019,6,24,31.33,17.09
2019,6,25,30.53,18.98
2019,6,26,31.02,18.55
2019,6,27,29.92,18.92
2019,6,28,29.72,18.07
2019,6,29,28.17,17.33
2019,6,30,27.02,16.97
2019,7,1,27.02,17.03
2019,7,2,27.98,17.58
2019,7,3,27.84,16.78
2019,7,4,30.01,15.62
2019,7,5,28.32,14.95
2019,7,6,29.36,17.4
2019,7,7,29.19,16.91
2019,7,8,29.75,17.94
2019,7,9,29.11,17.94
2019,7,10,29.16,17.58
2019,7,11,28.56,17.76
2019,7,12,28,18.07
2019,7,13,27.44,18.07
2019,7,14,29.29,17.7
2019,7,15,29.56,16.48
2019,7,16,29.84,16.6
2019,7,17,30.07,17.94
2019,7,18,30.12,18.19
2019,7,19,30.48,17.09
2019,7,20,29,18.62
2019,7,21,30.4,17.94
2019,7,22,29.95,18.37
2019,7,23,30.81,17.15
2019,7,24,30.98,17.46
2019,7,25,28.62,18.55
2019,7,26,26.3,18.49
2019,7,27,26.31,17.88
2019,7,28,26.17,18.74
2019,7,29,25.5,18.37
2019,7,30,26.15,17.88
2019,7,31,27.04,18.19
2019,8,1,26.51,18.62
2019,8,2,25.9,18.62
2019,8,3,25.92,18.43
2019,8,4,25.73,17.7
2019,8,5,26.74,19.65
2019,8,6,26.19,20.02
2019,8,7,25.32,18.86
2019,8,8,25.75,18.86
2019,8,9,27.33,19.04
2019,8,10,27.76,19.29
2019,8,11,27.55,18.8
2019,8,12,26.51,19.17
2019,8,13,25.92,19.17
2019,8,14,26.1,18.92
2019,8,15,27.27,18.98
2019,8,16,27.68,19.41
2019,8,17,26.35,19.23
2019,8,18,26.11,19.78
2019,8,19,27.04,19.53
2019,8,20,26.83,19.59
2019,8,21,26.32,19.41
2019,8,22,26.34,19.17
2019,8,23,25.74,18.92
2019,8,24,26.05,18.13
2019,8,25,26.04,18.13
2019,8,26,26.17,18.01
2019,8,27,26.65,17.46
2019,8,28,27.32,17.76
2019,8,29,27.84,19.04
2019,8,30,27.92,20.08
2019,8,31,26.1,20.26
2019,9,1,26.23,19.41
2019,9,2,26.05,18.68
2019,9,3,25.12,18.98
2019,9,4,25.79,18.8
2019,9,5,26.4,19.65
2019,9,6,25.5,19.35
2019,9,7,26.08,18.8
2019,9,8,26.69,19.23
2019,9,9,27.2,19.53
2019,9,10,26.99,19.65
2019,9,11,26.91,19.47
2019,9,12,26.34,19.04
2019,9,13,26.52,18.62
2019,9,14,26.98,19.41
2019,9,15,26.6,18.62
2019,9,16,26.73,19.17
2019,9,17,27.53,19.96
2019,9,18,27.26,19.59
2019,9,19,26.41,19.78
2019,9,20,26.7,19.59
2019,9,21,26.99,19.35
2019,9,22,26.75,19.35
2019,9,23,27.17,19.59
2019,9,24,26.63,20.02
2019,9,25,25.57,19.41
2019,9,26,25.68,18.98
2019,9,27,25.76,18.8
2019,9,28,25.56,18.86
2019,9,29,25.65,18.8
2019,9,30,26.11,18.55
2019,10,1,26.58,18.49
2019,10,2,26.54,18.74
2019,10,3,26.69,18.07
2019,10,4,26.47,18.19
2019,10,5,25.65,17.88
2019,10,6,25.73,17.33
2019,10,7,25.64,17.82
2019,10,8,25.64,18.13
2019,10,9,25.73,18.43
2019,10,10,25.39,18.49
2019,10,11,24.9,18.25
2019,10,12,25.34,18.01
2019,10,13,25.57,18.07
2019,10,14,25.3,18.19
2019,10,15,25.19,17.82
2019,10,16,25.38,18.01
2019,10,17,24.94,17.7
2019,10,18,24.57,17.7
2019,10,19,24.86,17.46
2019,10,20,24.87,17.7
2019,10,21,24.69,17.52
2019,10,22,25.04,17.4
2019,10,23,24.65,17.58
2019,10,24,24.56,17.82
2019,10,25,24.52,16.91
2019,10,26,24.92,17.64
2019,10,27,25.43,17.76
2019,10,28,25.51,18.01
2019,10,29,25.38,18.49
2019,10,30,24.3,17.46
2019,10,31,24.84,16.78
2019,11,1,25.25,17.4
2019,11,2,25.28,17.7
2019,11,3,24.86,16.91
2019,11,4,23.87,15.38
2019,11,5,24.64,15.93
2019,11,6,24.73,16.42
2019,11,7,23.89,15.81
2019,11,8,22.72,14.59
2019,11,9,22.33,14.04
2019,11,10,22.33,14.28
2019,11,11,22.94,15.14
2019,11,12,21.65,13.73
2019,11,13,20.81,12.57
2019,11,14,21.08,13.24
2019,11,15,21.7,13.43
2019,11,16,22.62,14.53
2019,11,17,21.47,13.49
2019,11,18,20.75,12.88
2019,11,19,20.59,13
2019,11,20,20.84,12.82
2019,11,21,21.02,13.12
2019,11,22,20.8,12.63
2019,11,23,20.51,12.21
2019,11,24,20.85,12.63
2019,11,25,21.01,13.18
2019,11,26,22.11,13.92
2019,11,27,22.06,13.49
2019,11,28,21.94,13.18
2019,11,29,21.98,13.43
2019,11,30,22.43,13.55
2019,12,1,22.56,14.65
2019,12,2,23.33,15.32
2019,12,3,22.76,14.28
2019,12,4,21.86,13.24
2019,12,5,20.31,12.02
2019,12,6,19.26,11.29
2019,12,7,19.43,10.99
2019,12,8,20.26,11.41
2019,12,9,20.74,11.9
2019,12,10,20.91,11.66
2019,12,11,21.01,12.15
2019,12,12,20.9,12.88
2019,12,13,21.74,13.18
2019,12,14,22.77,14.53
2019,12,15,22.26,13.85
2019,12,16,22.23,13.49
2019,12,17,21.62,13.18
2019,12,18,20.88,12.63
2019,12,19,20.07,11.41
2019,12,20,20.08,10.93
2019,12,21,20.12,10.93
2019,12,22,20.84,12.21
2019,12,23,20.93,12.02
2019,12,24,20.81,11.96
2019,12,25,21.57,12.33
2019,12,26,21.65,13.61
2019,12,27,20.66,12.33
2019,12,28,16.91,7.51
2019,12,29,16.76,8.06
2019,12,30,18.84,10.19
2019,12,31,19.89,11.41
2020,1,1,21.41,12.51
2020,1,2,22.88,13.98
2020,1,3,20.89,13.61
2020,1,4,20.51,11.72
2020,1,5,19.51,10.44
2020,1,6,20.01,10.74
2020,1,7,21.27,12.02
2020,1,8,22.8,13.37
2020,1,9,21.98,13.12
2020,1,10,19.42,9.77
2020,1,11,18.08,8.85
2020,1,12,17.47,7.2
2020,1,13,18.66,7.08
2020,1,14,20.44,9.28
2020,1,15,20.89,10.25
2020,1,16,21.42,10.8
2020,1,17,22.29,11.6
2020,1,18,23.25,12.63
2020,1,19,23.12,12.39
2020,1,20,22.17,11.54
2020,1,21,22.62,11.47
2020,1,22,23.52,11.35
2020,1,23,22.94,10.86
2020,1,24,22.32,10.74
2020,1,25,22.85,9.95
2020,1,26,22.89,9.09
2020,1,27,23.27,8.48
2020,1,28,25.17,11.41
2020,1,29,25.43,11.23
2020,1,30,22.6,9.22
2020,1,31,22.01,7.69
2020,2,1,23.37,11.35
2020,2,2,24.53,11.9
2020,2,3,24.64,12.82
2020,2,4,25.48,12.15
2020,2,5,25.23,11.78
2020,2,6,25.29,11.78
2020,2,7,25.98,12.08
2020,2,8,22.57,12.7
2020,2,9,20.7,11.29
2020,2,10,22.65,11.23
2020,2,11,23.67,10.93
2020,2,12,23.57,9.77
2020,2,13,22.83,7.08
2020,2,14,24.44,6.23
2020,2,15,24.18,7.08
2020,2,16,23.97,6.9
2020,2,17,23.57,6.35
2020,2,18,23.19,5.25
2020,2,19,23.83,7.2
2020,2,20,25.58,11.11
2020,2,21,25.4,9.95
2020,2,22,25.85,9.34
2020,2,23,25.94,9.34
2020,2,24,27.15,10.31
2020,2,25,26.35,10.68
2020,2,26,24.27,5.98
2020,2,27,24.16,5.98
2020,2,28,24.87,7.93
2020,2,29,26.23,10.13
2020,3,1,27.18,10.62
2020,3,2,27.42,9.46
2020,3,3,28.78,9.77
2020,3,4,29.39,7.57
2020,3,5,27.72,10.8
2020,3,6,27.88,12.02
2020,3,7,27.66,12.82
2020,3,8,27.05,14.22
2020,3,9,27.5,13.85
2020,3,10,28.87,12.21
2020,3,11,29,12.7
2020,3,12,28.69,12.33
2020,3,13,29.47,11.72
2020,3,14,29.82,10.74
2020,3,15,29.37,11.23
2020,3,16,29.85,11.23
2020,3,17,30.51,10.5
2020,3,18,31.23,9.4
2020,3,19,29.69,10.25
2020,3,20,30.37,10.93
2020,3,21,30.24,9.4
2020,3,22,28.98,7.63
2020,3,23,29.75,9.58
2020,3,24,30.58,10.99
2020,3,25,31.03,10.62
2020,3,26,31.37,10.68
2020,3,27,32.16,9.58
2020,3,28,32.26,9.46
2020,3,29,32.51,11.35
2020,3,30,32.26,11.72
2020,3,31,32.49,11.11
2020,4,1,33.19,9.46
2020,4,2,33.65,8.97
2020,4,3,33.72,10.44
2020,4,4,31.48,10.5
2020,4,5,32.21,9.09
2020,4,6,33.26,11.05
2020,4,7,34.08,11.23
2020,4,8,34.2,10.74
2020,4,9,33.42,11.47
2020,4,10,33.47,10.01
2020,4,11,33.48,8.79
2020,4,12,33.75,8.42
2020,4,13,34.23,8.54
2020,4,14,34.01,8.06
2020,4,15,33.8,8.36
2020,4,16,34.21,8.18
2020,4,17,34.58,9.28
2020,4,18,35.01,10.8
2020,4,19,34.41,10.68
2020,4,20,35.32,10.62
2020,4,21,35.76,10.38
2020,4,22,34.8,10.44
2020,4,23,35.41,12.33
2020,4,24,35.73,13.12
2020,4,25,35.49,13.18
2020,4,26,32.98,16.11
2020,4,27,31.7,15.56
2020,4,28,31.56,14.53
2020,4,29,32.63,12.57
2020,4,30,34.03,11.6
2020,5,1,35.25,11.6
2020,5,2,34.69,12.63
2020,5,3,35.61,10.62
2020,5,4,36.51,11.96
2020,5,5,36.49,11.41
2020,5,6,35.66,13.43
2020,5,7,34.01,14.28
2020,5,8,34.78,14.53
2020,5,9,35.81,12.82
2020,5,10,34.76,12.45
2020,5,11,34.46,10.38
2020,5,12,35.01,12.21
2020,5,13,34.81,12.39
2020,5,14,35.58,11.66
2020,5,15,35.83,12.33
2020,5,16,36.25,13
2020,5,17,35.64,13
2020,5,18,36.05,11.05
2020,5,19,35.91,10.07
2020,5,20,35.4,7.39
2020,5,21,35.44,4.7
2020,5,22,36.02,5.49
2020,5,23,36.9,8.06
2020,5,24,36.94,11.84
2020,5,25,37.8,11.84
2020,5,26,37.73,13.61
2020,5,27,38.29,13.31
2020,5,28,38.87,10.31
2020,5,29,38.13,13
2020,5,30,32.12,15.44
2020,5,31,32.4,16.72
2020,6,1,29.23,18.49
2020,6,2,28.91,16.72
2020,6,3,28.46,17.58
2020,6,4,30.83,16.42
2020,6,5,31.67,15.81
2020,6,6,32.38,15.56
2020,6,7,32.29,15.93
2020,6,8,32.43,15.14
2020,6,9,31.95,15.62
2020,6,10,30.37,19.04
2020,6,11,28.05,19.96
2020,6,12,26.63,17.94
2020,6,13,28.19,18.55
2020,6,14,28.08,18.68
2020,6,15,28.13,19.65
2020,6,16,28.51,19.96
2020,6,17,27.74,19.1
2020,6,18,28.4,18.8
2020,6,19,28.84,18.98
2020,6,20,28.06,18.68
2020,6,21,27.72,18.74
2020,6,22,27.71,18.62
2020,6,23,28.4,18.86
2020,6,24,29.57,18.8
2020,6,25,29.58,18.43
2020,6,26,29.23,18.68
2020,6,27,29.23,19.41
2020,6,28,28.76,20.26
2020,6,29,27.49,19.96
2020,6,30,28,18.86
2020,7,1,28.78,19.53
2020,7,2,28.41,19.84
2020,7,3,27.14,19.78
2020,7,4,26.32,18.55
2020,7,5,26.12,18.86
2020,7,6,26.85,18.43
2020,7,7,27.8,18.55
2020,7,8,28.52,18.25
2020,7,9,27.83,18.92
2020,7,10,26.39,19.17
2020,7,11,27.91,19.1
2020,7,12,27.96,19.04
2020,7,13,26.91,19.78
2020,7,14,26.86,19.41
2020,7,15,26.73,19.96
2020,7,16,26.25,19.17
2020,7,17,27.37,18.13
2020,7,18,28.09,18.98
2020,7,19,28.1,20.2
2020,7,20,27.46,20.08
2020,7,21,27.15,19.65
2020,7,22,27.42,20.08
2020,7,23,26.26,19.41
2020,7,24,26.63,19.41
2020,7,25,26.46,18.98
2020,7,26,28.05,18.86
2020,7,27,27.69,19.53
2020,7,28,27.51,20.39
2020,7,29,26.6,19.71
2020,7,30,27.71,19.78
2020,7,31,27.75,20.02
2020,8,1,27.96,20.75
2020,8,2,27.13,20.45
2020,8,3,26.48,20.08
2020,8,4,26.33,19.59
2020,8,5,26.42,19.96
2020,8,6,27.58,19.65
2020,8,7,27.78,20.02
2020,8,8,27.01,19.71
2020,8,9,26.76,19.84
2020,8,10,26.29,19.35
2020,8,11,26.34,19.78
2020,8,12,25.71,19.53
2020,8,13,25.98,19.53
2020,8,14,25.32,19.1
2020,8,15,25.35,19.35
2020,8,16,25.23,19.1
2020,8,17,25.88,19.04
2020,8,18,26.28,19.41
2020,8,19,26.12,19.96
2020,8,20,25.87,19.9
2020,8,21,26.05,19.84
2020,8,22,26.52,19.9
2020,8,23,27.09,19.96
2020,8,24,27.19,19.96
2020,8,25,27.23,19.78
2020,8,26,26.36,19.59
2020,8,27,25.35,18.8
2020,8,28,25.4,18.49
2020,8,29,26.84,19.59
2020,8,30,27.09,19.47
2020,8,31,27.26,19.17
2020,9,1,26.98,20.02
2020,9,2,25.82,19.17
2020,9,3,26.59,18.68
2020,9,4,26.96,19.53
2020,9,5,27.49,19.78
2020,9,6,27.47,19.9
2020,9,7,27.59,19.29
2020,9,8,27.87,19.41
2020,9,9,27.65,19.84
2020,9,10,26.76,19.47
2020,9,11,27.17,19.65
2020,9,12,26.76,19.23
2020,9,13,26.96,19.84
2020,9,14,26.56,20.08
2020,9,15,27.42,20.57
2020,9,16,26.71,20.08
2020,9,17,27.6,20.57
2020,9,18,27.58,20.32
2020,9,19,27.12,20.57
2020,9,20,25.88,20.02
2020,9,21,25.91,19.65
2020,9,22,25.96,19.96
2020,9,23,26.16,19.1
2020,9,24,26.45,19.65
2020,9,25,26.83,20.26
2020,9,26,26.06,19.9
2020,9,27,25.61,18.43
2020,9,28,26.05,19.1
2020,9,29,25.86,19.41
2020,9,30,25.17,19.1
2020,10,1,25.22,18.62
2020,10,2,25.9,18.31
2020,10,3,25.65,18.07
2020,10,4,24.74,17.4
2020,10,5,24.37,17.21
2020,10,6,23.63,16.3
2020,10,7,22.54,15.62
2020,10,8,25.15,18.25
2020,10,9,26.58,19.53
2020,10,10,26.57,19.41
2020,10,11,26.13,19.41
2020,10,12,25.58,18.98
2020,10,13,25.36,19.71
2020,10,14,26.18,20.02
2020,10,15,25.96,19.78
2020,10,16,26.67,19.29
2020,10,17,26.93,19.59
2020,10,18,27,19.47
2020,10,19,26.21,19.35
2020,10,20,26.51,19.35
2020,10,21,26.09,19.04
2020,10,22,25.58,17.94
2020,10,23,25.43,17.09
2020,10,24,25.62,16.66
2020,10,25,24.73,16.05
2020,10,26,23.5,15.26
2020,10,27,23.2,14.65
2020,10,28,23.12,14.1
2020,10,29,23.31,14.71
2020,10,30,23.3,15.26
2020,10,31,22.25,13.79
2020,11,1,21.92,13.85
2020,11,2,23.11,15.44
2020,11,3,22.71,14.83
2020,11,4,20.46,11.78
2020,11,5,20.03,10.86
2020,11,6,21.84,14.16
2020,11,7,22.79,14.77
2020,11,8,20.49,11.96
2020,11,9,18.75,10.93
2020,11,10,18.75,10.8
2020,11,11,20.94,13.79
2020,11,12,24.02,16.66
2020,11,13,24.46,15.87
2020,11,14,23.13,14.34
2020,11,15,23.37,14.59
2020,11,16,23.8,14.89
2020,11,17,23.46,14.77
2020,11,18,23.11,15.2
2020,11,19,23.94,16.05
2020,11,20,24.85,16.36
2020,11,21,23.72,16.3
2020,11,22,21.6,13
2020,11,23,20.05,11.05
2020,11,24,19.8,11.47
2020,11,25,21.17,13.06
2020,11,26,20.01,13.37
2020,11,27,20.67,13.55
2020,11,28,21.79,13.67
2020,11,29,22.83,14.28
2020,11,30,23.18,13.73
2020,12,1,22.53,13.18
2020,12,2,21.72,12.27
2020,12,3,21.47,11.17
2020,12,4,21.15,10.99
2020,12,5,21.11,10.31
2020,12,6,20.31,9.34
2020,12,7,20.87,9.46
2020,12,8,21.22,9.89
2020,12,9,21.26,10.13
2020,12,10,20.83,11.05
2020,12,11,21.01,11.84
2020,12,12,21.5,12.39
2020,12,13,21.65,12.88
2020,12,14,21.9,13.06
2020,12,15,21.86,13.24
2020,12,16,21.98,12.82
2020,12,17,22.15,12.45
2020,12,18,20.66,10.99
2020,12,19,19.41,9.95
2020,12,20,18.3,7.63
2020,12,21,17.37,6.59
2020,12,22,17.65,7.2
2020,12,23,18.31,8.54
2020,12,24,18.82,10.01
2020,12,25,19.97,9.7
2020,12,26,19.98,8.85
2020,12,27,19.82,8.3
2020,12,28,19.83,9.77
2020,12,29,20.3,10.13
2020,12,30,20.07,10.56
2020,12,31,21.24,10.68
2021,1,1,20.62,11.66
2021,1,2,20.16,12.02
2021,1,3,19.74,11.17
2021,1,4,19.75,10.74
2021,1,5,21.48,12.7
2021,1,6,23.28,14.77
2021,1,7,23.87,14.89
2021,1,8,23.06,12.88
2021,1,9,21.79,10.93
2021,1,10,22.88,11.11
2021,1,11,24.57,11.23
2021,1,12,24.82,11.96
2021,1,13,23.84,11.35
2021,1,14,22.9,9.46
2021,1,15,22.83,9.4
2021,1,16,23.19,9.16
2021,1,17,22.14,7.69
2021,1,18,22.51,11.54
2021,1,19,23.46,12.08
2021,1,20,23.98,11.29
2021,1,21,24.07,10.44
2021,1,22,22.55,7.93
2021,1,23,22.08,7.45
2021,1,24,23.61,10.31
2021,1,25,24.14,11.23
2021,1,26,24.77,11.17
2021,1,27,24.45,11.47
2021,1,28,24.03,11.9
2021,1,29,24.81,12.39
2021,1,30,24.19,10.5
2021,1,31,22.43,6.96
2021,2,1,21,5.31
2021,2,2,21.01,4.39
2021,2,3,22.14,5.19
2021,2,4,22.23,6.9
2021,2,5,22.58,7.75
2021,2,6,22.69,6.84
2021,2,7,21.81,5.68
2021,2,8,21.91,5.62
2021,2,9,22.78,4.76
2021,2,10,23.5,5.13
2021,2,11,23.63,7.45
2021,2,12,23.66,9.64
2021,2,13,24.2,9.28
2021,2,14,25.01,8.79
2021,2,15,25.57,8.24
2021,2,16,25.3,8.12
2021,2,17,24.84,9.22
2021,2,18,24.49,10.44
2021,2,19,24.05,10.5
2021,2,20,25.15,9.46
2021,2,21,25.71,9.89
2021,2,22,25.66,9.58
2021,2,23,25.12,6.23
2021,2,24,26.05,5.62
2021,2,25,27.27,4.88
2021,2,26,27.76,5.8
2021,2,27,27.83,5.49
2021,2,28,28.64,5.13
2021,3,1,28.64,6.1
2021,3,2,28.23,5.62
2021,3,3,27.16,3.97
2021,3,4,27.53,5.19
2021,3,5,28.51,5.98
2021,3,6,28.8,4.58
2021,3,7,28.66,5.37
2021,3,8,28.6,7.02
2021,3,9,28.76,8.67
2021,3,10,29.32,8.18
2021,3,11,28.94,6.77
2021,3,12,28.87,6.71
2021,3,13,28.48,7.45
2021,3,14,28.97,6.53
2021,3,15,29.54,7.2
2021,3,16,30.03,7.32
2021,3,17,30.58,7.51
2021,3,18,30.42,8.73
2021,3,19,29.6,8.91
2021,3,20,30.53,8.36
2021,3,21,31.14,7.87
2021,3,22,31.68,7.75
2021,3,23,31.79,8.54
2021,3,24,31.82,7.45
2021,3,25,31.47,6.71
2021,3,26,31.44,5.98
2021,3,27,31.7,5.31
2021,3,28,31.8,4.39
2021,3,29,32.65,5.37
2021,3,30,32.79,4.82
2021,3,31,32.52,3.78
2021,4,1,32.89,5.55
2021,4,2,32.51,4.03
2021,4,3,32.63,3.97
2021,4,4,31.94,6.84
2021,4,5,32.3,5.86
2021,4,6,32.94,10.13
2021,4,7,33.28,8.61
2021,4,8,34.37,8.36
2021,4,9,33.73,9.7
2021,4,10,33,10.68
2021,4,11,32.82,10.56
2021,4,12,33.18,10.01
2021,4,13,33.35,10.25
2021,4,14,31.52,12.51
2021,4,15,31.04,11.72
2021,4,16,31.48,11.47
2021,4,17,32.49,10.31
2021,4,18,33.51,9.95
2021,4,19,34.62,10.86
2021,4,20,34.98,11.47
2021,4,21,34.22,11.9
2021,4,22,32.04,12.51
2021,4,23,32.51,11.35
2021,4,24,33.58,9.28
2021,4,25,33.66,9.16
2021,4,26,33.75,10.8
2021,4,27,34.57,9.89
2021,4,28,34.55,10.07
2021,4,29,35.05,9.7
2021,4,30,35.37,9.83
2021,5,1,34,11.41
2021,5,2,33.63,12.21
2021,5,3,33.96,11.9
2021,5,4,33.98,11.35
2021,5,5,34.65,12.08
2021,5,6,34.69,12.51
2021,5,7,34.49,13.06
2021,5,8,34.36,13.49
2021,5,9,35.38,12.45
2021,5,10,34.21,15.62
2021,5,11,33.57,16.78
2021,5,12,34.3,15.62
2021,5,13,35.02,12.33
2021,5,14,34.63,13.37
2021,5,15,32.95,16.3
2021,5,16,30.52,18.13
2021,5,17,30.57,17.7
2021,5,18,31.27,17.58
2021,5,19,31.9,16.78
2021,5,20,30.45,18.07
2021,5,21,31.53,15.5
2021,5,22,33.06,14.04
2021,5,23,34.27,13.18
2021,5,24,35.57,11.6
2021,5,25,34.92,8.06
2021,5,26,36.31,8.97
2021,5,27,36.93,11.47
2021,5,28,35.54,14.16
2021,5,29,36.18,14.28
2021,5,30,35.47,14.71
2021,5,31,33.11,15.81
2021,6,1,31.65,18.25
2021,6,2,30.83,19.47
2021,6,3,29.02,18.31
2021,6,4,29.26,16.85
2021,6,5,29.67,17.46
2021,6,6,30.3,16.85
2021,6,7,31.64,17.33
2021,6,8,30.17,18.98
2021,6,9,27.76,19.65
2021,6,10,27.33,18.62
2021,6,11,27.37,17.7
2021,6,12,28.98,18.25
2021,6,13,27.19,19.29
2021,6,14,26.27,19.47
2021,6,15,28.23,18.98
2021,6,16,27.23,17.94
2021,6,17,26.34,17.82
2021,6,18,27.65,18.31
2021,6,19,27.74,17.76
2021,6,20,28.28,17.52
2021,6,21,28.51,17.4
2021,6,22,27.59,18.25
2021,6,23,27.08,17.03
2021,6,24,27.4,17.64
2021,6,25,27.86,16.78
2021,6,26,27.7,18.74
2021,6,27,26.76,19.04
2021,6,28,28.06,20.02
2021,6,29,28.21,19.53
2021,6,30,28.96,20.08
2021,7,1,27.09,20.51
2021,7,2,25.98,18.43
2021,7,3,27.46,18.55
2021,7,4,27.83,19.04
2021,7,5,28.79,19.35
2021,7,6,27.9,19.59
2021,7,7,28.45,19.9
2021,7,8,26.59,20.08
2021,7,9,27.96,18.74
2021,7,10,27.37,19.29
2021,7,11,26.73,19.96
2021,7,12,27.81,19.59
2021,7,13,26.85,20.08
2021,7,14,26.61,19.9
2021,7,15,27.44,19.59
2021,7,16,27.54,19.53
2021,7,17,28.06,20.39
2021,7,18,27.82,20.75
2021,7,19,28.22,19.96
2021,7,20,26.07,18.86
2021,7,21,25.47,18.92
2021,7,22,25.79,20.08
2021,7,23,25.71,19.41
2021,7,24,26.89,19.1
2021,7,25,27.28,19.29
2021,7,26,27.72,20.2
2021,7,27,27.01,19.23
2021,7,28,26.79,18.8
2021,7,29,26.23,18.68
2021,7,30,25.4,18.43
2021,7,31,26.32,18.25
2021,8,1,26.69,18.49
2021,8,2,26.83,18.62
2021,8,3,26.88,18.62
2021,8,4,27.4,19.29
2021,8,5,26.57,19.17
2021,8,6,27.31,19.23
2021,8,7,27.76,19.47
2021,8,8,28.21,19.78
2021,8,9,27.79,19.59
2021,8,10,26.61,20.14
2021,8,11,27.4,19.59
2021,8,12,27.08,19.78
2021,8,13,25.71,18.74
2021,8,14,26.23,18.74
2021,8,15,26.38,19.17
2021,8,16,25.89,19.41
2021,8,17,25.25,19.23
2021,8,18,25.84,18.55
2021,8,19,26.45,19.47
2021,8,20,25.96,18.68
2021,8,21,26.14,18.62
2021,8,22,26.25,18.55
2021,8,23,26.85,18.74
2021,8,24,28.24,19.47
2021,8,25,27.64,20.2
2021,8,26,26.55,19.96
2021,8,27,27.18,19.04
2021,8,28,27.05,18.92
2021,8,29,26.98,19.1
2021,8,30,26.29,20.14
2021,8,31,25.61,18.25
2021,9,1,26.09,18.8
2021,9,2,26.77,19.23
2021,9,3,26.54,19.71
2021,9,4,26.6,19.53
2021,9,5,26.2,19.78
2021,9,6,25.73,19.96
2021,9,7,25.68,19.53
2021,9,8,26.36,19.59
2021,9,9,26.68,19.17
2021,9,10,26.79,19.53
2021,9,11,26.65,19.65
2021,9,12,26.74,19.9
2021,9,13,26.22,19.71
2021,9,14,26.4,19.84
2021,9,15,26.59,19.17
2021,9,16,26.91,18.98
2021,9,17,26.82,18.74
2021,9,18,26.55,18.49
2021,9,19,26.74,18.68
2021,9,20,26.66,19.59
2021,9,21,26.62,19.65
2021,9,22,26.14,19.59
2021,9,23,25.99,19.78
2021,9,24,26.06,19.41
2021,9,25,26.27,19.35
2021,9,26,26.08,19.78
2021,9,27,25.31,19.59
2021,9,28,25.73,18.86
2021,9,29,25.98,16.66
2021,9,30,27.24,18.37
2021,10,1,26.85,19.35
2021,10,2,26.82,19.1
2021,10,3,27.3,18.86
2021,10,4,27.41,19.47
2021,10,5,26.74,19.9
2021,10,6,26.83,19.23
2021,10,7,26.9,19.53
2021,10,8,27.18,19.71
2021,10,9,27.65,19.41
2021,10,10,25.98,17.88
2021,10,11,25.04,16.42
2021,10,12,25.3,16.85
2021,10,13,25.33,17.09
2021,10,14,25.38,17.09
2021,10,15,25.55,18.55
2021,10,16,25.76,19.65
2021,10,17,25.9,19.78
2021,10,18,26.65,19.71
2021,10,19,25.22,16.54
2021,10,20,23.82,14.77
2021,10,21,23.78,15.2
2021,10,22,22.58,12.94
2021,10,23,22.86,13
2021,10,24,23.36,14.1
2021,10,25,22.91,14.89
2021,10,26,22.76,14.4
2021,10,27,22.19,13.79
2021,10,28,23.62,15.62
2021,10,29,24.23,16.48
2021,10,30,24.12,16.48
2021,10,31,22.43,13.55
2021,11,1,22.72,14.83
2021,11,2,24.2,17.09
2021,11,3,24.08,16.54
2021,11,4,24.65,16.97
2021,11,5,24.8,16.66
2021,11,6,23.77,15.62
2021,11,7,22.13,13.67
2021,11,8,20.74,11.96
2021,11,9,20.34,11.6
2021,11,10,19.8,11.23
2021,11,11,20.58,12.76
2021,11,12,24.23,16.36
2021,11,13,25.19,17.88
2021,11,14,25.26,18.01
2021,11,15,25.55,18.31
2021,11,16,25.62,18.31
2021,11,17,25.58,17.82
2021,11,18,25.3,17.88
2021,11,19,24.52,17.4
2021,11,20,25.39,18.25
2021,11,21,25.42,18.07
2021,11,22,26.36,17.82
2021,11,23,26.12,17.7
2021,11,24,25.26,16.42
2021,11,25,23.26,14.22
2021,11,26,22.32,12.88
2021,11,27,20.85,11.66
2021,11,28,20.91,11.9
2021,11,29,21.69,12.39
2021,11,30,22.05,11.54
2021,12,1,21.35,11.6
2021,12,2,20.85,11.96
2021,12,3,21.32,12.27
2021,12,4,21.92,12.45
2021,12,5,22.24,12.63
2021,12,6,21.77,12.15
2021,12,7,21.9,12.39
2021,12,8,22.52,13.73
2021,12,9,23.21,14.4
2021,12,10,23,14.53
2021,12,11,22.93,13.55
2021,12,12,22.15,12.76
2021,12,13,21.76,12.57
2021,12,14,21.64,12.88
2021,12,15,20.71,11.23
2021,12,16,20.18,10.13
2021,12,17,20.33,9.28
2021,12,18,19.14,9.22
2021,12,19,18.24,9.28
2021,12,20,16.62,6.35
2021,12,21,16.61,5.62
2021,12,22,18.76,5.86
2021,12,23,20.41,6.71
2021,12,24,20.18,8.48
2021,12,25,21.34,10.93
2021,12,26,21.78,12.27
2021,12,27,21.93,13
2021,12,28,21.89,12.82
2021,12,29,22.28,12.51
2021,12,30,21.4,12.27
2021,12,31,21.59,11.41
2022,1,1,21.25,11.29
2022,1,2,21.2,10.68
2022,1,3,20.22,9.09
2022,1,4,20.56,9.4
2022,1,5,21.07,10.68
2022,1,6,21.24,10.68
2022,1,7,21.63,10.99
2022,1,8,22.29,11.6
2022,1,9,22.76,12.82
2022,1,10,22.86,13.98
2022,1,11,22.64,14.47
2022,1,12,21.35,13.67
2022,1,13,21.38,12.82
2022,1,14,22.23,13.31
2022,1,15,20.71,12.27
2022,1,16,21.05,11.72
2022,1,17,20.41,11.23
2022,1,18,19.59,10.13
2022,1,19,19.51,9.7
2022,1,20,20.54,9.22
2022,1,21,21.3,9.83
2022,1,22,23.15,10.25
2022,1,23,22.15,11.17
2022,1,24,19.18,8.3
2022,1,25,17.45,7.51
2022,1,26,17.77,7.51
2022,1,27,17.07,6.65
2022,1,28,16.06,5.68
2022,1,29,16.65,5.74
2022,1,30,18.62,6.1
2022,1,31,21.01,6.1
2022,2,1,21.15,6.65
2022,2,2,21.96,7.08
2022,2,3,22.55,10.38
2022,2,4,20.41,7.32
2022,2,5,19.5,5.68
2022,2,6,19.71,6.1
2022,2,7,21.15,8.61
2022,2,8,22.18,8.73
2022,2,9,23.72,12.33
2022,2,10,23.4,12.08
2022,2,11,21.73,9.28
2022,2,12,20.34,6.1
2022,2,13,20.4,6.04
2022,2,14,21.65,7.39
2022,2,15,23.39,10.25
2022,2,16,24.54,11.47
2022,2,17,24.79,11.11
2022,2,18,25.05,10.68
2022,2,19,25.67,10.62
2022,2,20,26.72,9.34
2022,2,21,24.69,6.04
2022,2,22,25.61,5.19
2022,2,23,25.4,9.83
2022,2,24,26.35,10.8
2022,2,25,26.48,10.07
2022,2,26,25.61,9.03
2022,2,27,25.57,8.85
2022,2,28,25.48,6.96
2022,3,1,26.38,7.02
2022,3,2,27.11,7.02
2022,3,3,28.01,8.24
2022,3,4,28.58,9.28
2022,3,5,28.47,8.48
2022,3,6,29.14,8.3
2022,3,7,28.74,8.73
2022,3,8,28.75,7.81
2022,3,9,28.12,5.62
2022,3,10,28.94,7.26
2022,3,11,30,7.45
2022,3,12,28.03,7.87
2022,3,13,29.55,7.08
2022,3,14,29.52,4.7
2022,3,15,30.26,4.58
2022,3,16,32.43,5.13
2022,3,17,32.87,4.94
2022,3,18,31.37,7.02
2022,3,19,31.3,9.46
2022,3,20,31.95,9.4
2022,3,21,32.55,6.96
2022,3,22,32.51,7.26
2022,3,23,33.08,5.8
2022,3,24,32.47,9.52
2022,3,25,33.2,10.44
2022,3,26,34.09,10.25
2022,3,27,33.69,8.36
2022,3,28,33.33,7.26
2022,3,29,33.66,6.23
2022,3,30,33.67,5.13
2022,3,31,33.73,6.9
2022,4,1,33.53,10.25
2022,4,2,31.69,12.57
2022,4,3,32.45,11.35
2022,4,4,32.74,11.84
2022,4,5,32.12,12.08
2022,4,6,32.75,10.8
2022,4,7,32.31,11.29
2022,4,8,32.02,11.78
2022,4,9,32.62,12.76
2022,4,10,33.12,11.96
2022,4,11,33.71,10.8
2022,4,12,33.71,10.38
2022,4,13,33.72,10.93
2022,4,14,34.05,10.31
2022,4,15,34.58,12.15
2022,4,16,31.49,14.59
2022,4,17,32.46,12.7
2022,4,18,33.34,12.82
2022,4,19,34.19,11.72
2022,4,20,33.61,11.9
2022,4,21,33.58,13.12
2022,4,22,32.19,13.43
2022,4,23,33.22,12.33
2022,4,24,34.83,11.96
2022,4,25,35.41,10.93
2022,4,26,34.94,10.44
2022,4,27,35.85,10.5
2022,4,28,36.04,10.01
2022,4,29,36.84,8.79
2022,4,30,36.23,7.93
2022,5,1,36.46,8.18
2022,5,2,36.34,11.11
2022,5,3,36.69,13.37
2022,5,4,32.98,15.75
2022,5,5,34.87,14.04
2022,5,6,35.89,11.29
2022,5,7,35.5,11.84
2022,5,8,35.95,10.13
2022,5,9,34.99,10.86
2022,5,10,35.4,12.94
2022,5,11,32.86,15.62
2022,5,12,30.43,17.4
2022,5,13,32.34,16.3
2022,5,14,34.77,15.08
2022,5,15,33.87,16.54
2022,5,16,32.07,17.21
2022,5,17,31.57,18.49
2022,5,18,32.85,15.93
2022,5,19,31.23,17.7
2022,5,20,31.52,17.03
2022,5,21,34.25,13.49
2022,5,22,34.44,11.17
2022,5,23,34.96,11.6
2022,5,24,36.11,12.88
2022,5,25,36.32,11.84
2022,5,26,36.5,13.24
2022,5,27,35.34,13
2022,5,28,35.8,10.44
2022,5,29,36.37,11.6
2022,5,30,37.26,11.66
2022,5,31,35.55,13.79
2022,6,1,33.7,14.77
2022,6,2,35.33,12.08
2022,6,3,36.37,10.74
2022,6,4,35.74,10.8
2022,6,5,33.9,15.26
2022,6,6,32.51,15.93
2022,6,7,34.92,13.67
2022,6,8,34.55,14.34
2022,6,9,33.65,15.75
2022,6,10,28.52,18.25
2022,6,11,29.44,18.13
2022,6,12,29.48,18.62
2022,6,13,29.04,18.43
2022,6,14,30.06,17.94
2022,6,15,29.48,17.88
2022,6,16,30.39,17.21
2022,6,17,30.49,17.76
2022,6,18,30.53,18.01
2022,6,19,30.2,17.88
2022,6,20,28.19,19.35
2022,6,21,27.35,18.98
2022,6,22,28.12,17.64
2022,6,23,27.84,17.21
2022,6,24,27.4,18.13
2022,6,25,26.3,17.64
2022,6,26,26.9,18.8
2022,6,27,28.19,18.55
2022,6,28,27.87,18.31
2022,6,29,26.43,18.74
2022,6,30,27.05,19.04
2022,7,1,28.47,18.49
2022,7,2,28.33,19.53
2022,7,3,26.93,19.84
2022,7,4,26.4,18.8
2022,7,5,26.54,18.74
2022,7,6,26.65,19.17
2022,7,7,26.02,19.96
2022,7,8,25.83,20.08
2022,7,9,25.79,18.98
2022,7,10,25.88,19.35
2022,7,11,25.32,19.29
2022,7,12,25.14,18.86
2022,7,13,25.41,19.59
2022,7,14,25.33,18.43
2022,7,15,26.11,19.17
2022,7,16,25.7,19.53
2022,7,17,25.91,19.96
2022,7,18,25.22,18.74
2022,7,19,26.2,19.04
2022,7,20,26.83,19.78
2022,7,21,25.51,19.53
2022,7,22,24.94,19.17
2022,7,23,24.76,18.62
2022,7,24,25.07,18.55
2022,7,25,25.9,18.92
2022,7,26,25.48,19.35
2022,7,27,26.98,19.59
2022,7,28,27.14,19.84
2022,7,29,28.19,20.08
2022,7,30,26.9,20.63
2022,7,31,26.2,19.41
2022,8,1,27.52,19.96
2022,8,2,26.8,20.57
2022,8,3,27.11,19.23
2022,8,4,26.68,20.08
2022,8,5,26.12,19.78
2022,8,6,25.97,19.59
2022,8,7,25.37,19.17
2022,8,8,24.99,18.92
2022,8,9,24.98,19.04
2022,8,10,24.62,18.19
2022,8,11,25.84,19.41
2022,8,12,25.79,19.23
2022,8,13,25.78,19.41
2022,8,14,25.16,19.1
2022,8,15,24.62,18.68
2022,8,16,26.02,18.98
2022,8,17,26.66,19.41
2022,8,18,26.23,19.41
2022,8,19,25.49,19.78
2022,8,20,25.98,19.71
2022,8,21,26.16,19.78
2022,8,22,26.33,19.53
2022,8,23,27.12,19.53
2022,8,24,25.82,19.53
2022,8,25,26.27,18.92
2022,8,26,26.58,18.92
2022,8,27,26.58,19.23
2022,8,28,25.18,18.19
2022,8,29,26.52,17.52
2022,8,30,26.66,19.29
2022,8,31,26.28,19.35
2022,9,1,26.69,19.41
2022,9,2,26.43,19.17
2022,9,3,27.55,19.47
2022,9,4,26.41,19.78
2022,9,5,26.58,18.55
2022,9,6,27.14,19.59
2022,9,7,26.1,19.59
2022,9,8,26.02,19.9
2022,9,9,26.56,20.02
2022,9,10,26.59,20.57
2022,9,11,25.55,20.08
2022,9,12,26.34,20.02
2022,9,13,26.55,20.14
2022,9,14,25.35,18.86
2022,9,15,25.94,19.35
2022,9,16,26.15,19.47
2022,9,17,26.11,19.53
2022,9,18,25.44,19.23
2022,9,19,25.37,19.1
2022,9,20,24.9,18.98
2022,9,21,25.26,18.92
2022,9,22,25.02,18.68
2022,9,23,24.76,17.64
2022,9,24,25.34,17.4
2022,9,25,26.11,17.94
2022,9,26,26.16,18.86
2022,9,27,25.43,19.29
2022,9,28,25.65,19.41
2022,9,29,25.48,18.92
2022,9,30,25.41,18.68
2022,10,1,25.85,18.55
2022,10,2,25.87,18.98
2022,10,3,25.89,18.98
2022,10,4,24.9,18.92
2022,10,5,26.16,19.65
2022,10,6,25.27,19.35
2022,10,7,25.35,19.04
2022,10,8,25.4,18.62
2022,10,9,25.77,18.92
2022,10,10,25.3,18.98
2022,10,11,25.69,18.98
2022,10,12,26.05,18.01
2022,10,13,25.76,17.94
2022,10,14,24.93,18.13
2022,10,15,25.3,18.55
2022,10,16,25.83,19.1
2022,10,17,25.94,18.92
2022,10,18,26.01,18.19
2022,10,19,25.23,17.82
2022,10,20,25.29,18.25
2022,10,21,24.29,16.66
2022,10,22,21.54,13.55
2022,10,23,21.17,13.55
2022,10,24,21.08,13.24
2022,10,25,21.58,12.15
2022,10,26,22.25,11.9
2022,10,27,21.45,11.96
2022,10,28,20.67,12.33
2022,10,29,19.76,11.35
2022,10,30,19.81,11.47
2022,10,31,19.73,11.72
2022,11,1,20.38,13.92
2022,11,2,22.37,15.44
2022,11,3,23.01,15.62
2022,11,4,23.11,15.2
2022,11,5,22.01,12.94
2022,11,6,22.31,12.21
2022,11,7,23.18,12.82
2022,11,8,22.23,13.18
2022,11,9,20.68,12.08
2022,11,10,20.65,12.76
2022,11,11,20.3,12.57
2022,11,12,20.25,12.63
2022,11,13,20.55,12.7
2022,11,14,20.52,12.15
2022,11,15,19.87,11.41
2022,11,16,19.05,10.68
2022,11,17,18.87,10.68
2022,11,18,19,-999
2022,11,19,19.3,-999
2022,11,20,19.7,-999
2022,11,21,20.32,12.82
2022,11,22,22.48,15.2
2022,11,23,22.76,15.75
2022,11,24,22.52,15.38
2022,11,25,21.2,13.18
2022,11,26,18.84,10.8
2022,11,27,18.26,9.58
2022,11,28,18.91,8.67
2022,11,29,19.89,9.64
2022,11,30,20.37,10.5
2022,12,1,21.49,12.7
2022,12,2,22.9,14.34
2022,12,3,22.4,14.28
2022,12,4,21.28,12.51
2022,12,5,21.27,12.39
2022,12,6,20.4,12.02
2022,12,7,19.47,11.66
2022,12,8,17.97,9.64
2022,12,9,17.28,9.64
2022,12,10,20.16,13.31
2022,12,11,22.53,15.14
2022,12,12,23.42,16.11
2022,12,13,23.82,16.24
2022,12,14,24.74,16.17
2022,12,15,24.87,16.05
2022,12,16,24.2,14.95
2022,12,17,23.28,14.47
2022,12,18,21.65,12.15
2022,12,19,20.58,10.8
2022,12,20,21.05,10.38
2022,12,21,20.84,10.74
2022,12,22,21.82,11.54
2022,12,23,21.53,11.9
2022,12,24,20.51,10.93
2022,12,25,21.12,11.6
2022,12,26,22.48,14.28
2022,12,27,23.76,15.69
2022,12,28,24.14,15.44
2022,12,29,22.44,12.27
2022,12,30,22.95,11.35
2022,12,31,22.93,11.41
